	example_id	language	text	spans	target	gpt-4
0	test-00002689	luo	Kwan jii maromo 796 mane oyudi ni nigi Covid-19 ei kawuononi	[{'start_byte': 51, 'limit_byte': 60, 'label': 'DATE'}]	DATE: kawuononi	the provided text does not contain any identifiable named entities.
1	test-00002690	luo	Kwan jii mane oyudi ni nikod tuo mar Coronavirus ei kawuononi gin jii 796 makoro kelo kwan jogo duto man kod midusi makochno e pachoka ei kawuononi chopo jii alufu 15 gi 601	[{'start_byte': 52, 'limit_byte': 61, 'label': 'DATE'}, {'start_byte': 138, 'limit_byte': 147, 'label': 'DATE'}]	DATE: kawuononi $$ DATE: kawuononi	the passage you provided appears to be in a language other than english, and without any clear named entities. therefore, i'm unable to identify any named entities in the text.
2	test-00002691	luo	Magi ne oyangi gi jalup jatend migao mochungne yoore mag thieth e thurka laktar Mercy Mwangangi mane owacho ni kwan mar jii 796 no ne oyudi kuom kwan jii maromo alufu 6 gi 754 mane opim tok seche 24 mokalo	[{'start_byte': 80, 'limit_byte': 95, 'label': 'PER'}]	PER: Mercy Mwangangi	person: mercy mwangangi$
3	test-00002692	luo	Jatelono bende ne oyango ni Nairobi emapod nigi kwan maduong mag joma nigi tuono magin jii 539 kaachiel gi lero ni nitie jii 3 moko mane tuono onego ei kawuononi	[{'start_byte': 28, 'limit_byte': 35, 'label': 'LOC'}, {'start_byte': 152, 'limit_byte': 161, 'label': 'DATE'}]	LOC: Nairobi $$ DATE: kawuononi	location: nairobi $ location: joma $ location: kawuononi
4	test-00002693	luo	Magawa ma Blue Ridge Hotel manie boma ma Mbita owacho ni jago manyo oyudi ni nigi Covid-19 cha ok en jatijgi moyangi	[{'start_byte': 10, 'limit_byte': 26, 'label': 'ORG'}, {'start_byte': 33, 'limit_byte': 46, 'label': 'LOC'}]	ORG: Blue Ridge Hotel $$ LOC: boma ma Mbita	person: magawa $ location: blue ridge hotel $ location: mbita $ organization: covid-19
5	test-00002694	luo	Tend magawa ma Blue Ridge Hotel manie boma ma Mbita e Sub County ma Suba North e County ma Homa Bay koro jowacho ni dichuo moro ma ja higni 29 mane oyudi ni nikod midusi mar Coronavirus ok en jatich moyangi mar magawano kakane bad migao mochungne yoor thieth e County ma Homa Bay kuno ne rik olando	[{'start_byte': 15, 'limit_byte': 31, 'label': 'ORG'}, {'start_byte': 38, 'limit_byte': 51, 'label': 'LOC'}, {'start_byte': 54, 'limit_byte': 78, 'label': 'LOC'}, {'start_byte': 81, 'limit_byte': 99, 'label': 'LOC'}, {'start_byte': 134, 'limit_byte': 142, 'label': 'DATE'}, {'start_byte': 261, 'limit_byte': 279, 'label': 'LOC'}]	ORG: Blue Ridge Hotel $$ LOC: boma ma Mbita $$ LOC: Sub County ma Suba North $$ LOC: County ma Homa Bay $$ DATE: higni 29 $$ LOC: County ma Homa Bay	location: blue ridge hotel $ location: mbita $ location: sub county $ location: suba north $ location: county ma homa bay $ location: county ma homa bay
6	test-00002695	luo	Maendi koro ne wuok bang weche yangore ni achiel kuom jotij magawano nyo oyudi nyoro ni nikod tuo mar Coronavirus bang pim manyocha otim kod komiti mochungne kedo gi tuo mar Coronavirusno e County ma Homa Bay kuno -pim manyocha otim chieng wuok tich	[{'start_byte': 123, 'limit_byte': 131, 'label': 'DATE'}, {'start_byte': 190, 'limit_byte': 208, 'label': 'LOC'}, {'start_byte': 219, 'limit_byte': 227, 'label': 'DATE'}, {'start_byte': 233, 'limit_byte': 249, 'label': 'DATE'}]	DATE: manyocha $$ LOC: County ma Homa Bay $$ DATE: manyocha $$ DATE: chieng wuok tich	location: homa bay$ organization: coronavirus
7	test-00002696	luo	Kanowuoyo ewii wachno jataa tije e magawa ma Blue Ridge Hotelno Hellen Oido nowacho ni gisebedo ka gikao jotich manyien ka gihikore godo ne yepo mar magawano bang lor mane olor godo magawa mapachoka nikech wach landruok mar tuo mar Covid-19 kowacho ni kakoro nyochane jatend piny Kenya migosi Uhuru Kenyatta ne oyao magawa mathurka kendo mondo jotii e bwo chike mager manyochane oketinegi to nyochane gineno ni gikau jii manyien emane gikawoe jagono ni to ne pok ondike ayanga gi magawano kaka jatich	[{'start_byte': 45, 'limit_byte': 63, 'label': 'ORG'}, {'start_byte': 64, 'limit_byte': 75, 'label': 'PER'}, {'start_byte': 280, 'limit_byte': 285, 'label': 'LOC'}, {'start_byte': 293, 'limit_byte': 307, 'label': 'PER'}]	ORG: Blue Ridge Hotelno $$ PER: Hellen Oido $$ LOC: Kenya $$ PER: Uhuru Kenyatta	location: blue ridge hotel $ person: hellen oido $ location: kenya $ person: uhuru kenyatta
8	test-00002697	luo	Kanomedowuoyo ewii wachno mikai Oido nowacho ni magawa margino ok osebedo katiyo nikech pod ne gitemo mondo gichop chike mane oketigo mondo ekane giyepi ema koro nyochane gikawoe thuolo mar luongo apisas mochungne yoore thieth e County ma Homa Bay kuno chieng wuok tich mondo ne jobi opim jotijgi machon kod mane gikao manyien go mane jooro kwayo ni ne duaro tich kargi kanyo-mane odhi opim ne tuo mar Coronavirusno	[{'start_byte': 32, 'limit_byte': 36, 'label': 'PER'}, {'start_byte': 229, 'limit_byte': 247, 'label': 'LOC'}, {'start_byte': 253, 'limit_byte': 269, 'label': 'DATE'}]	PER: Oido $$ LOC: County ma Homa Bay $$ DATE: chieng wuok tich	location: homa bay $ location: county ma homa bay $ location: coronavirusno
9	test-00002698	luo	Kwan jii moyudi ni nikod tuo mar Coronavirus ei kawuononi gin jii 637	[{'start_byte': 48, 'limit_byte': 57, 'label': 'DATE'}]	DATE: kawuononi	the provided text does not contain any identifiable named entities.
10	test-00002699	luo	Kwan jii ma oyudi kod tuo mar Coronavirus ei kawuononi gin 637 makoro kelo kwan jogo duto man kod tuo magalagalano e pachoka chopo jii alufu 14 gi 805	[{'start_byte': 45, 'limit_byte': 54, 'label': 'DATE'}]	DATE: kawuononi	the passage you provided does not seem to contain any named entities such as personal names, organization names, or location names.
11	test-00002700	luo	Magi ne oyangi kod jalup jatend migao mochungne yoore mag thieth e pachoka laktar Rashid Aman	[{'start_byte': 82, 'limit_byte': 93, 'label': 'PER'}]	PER: Rashid Aman	person: rashid aman$
12	test-00002701	luo	Kanowuoyo gi jopiny kachiel kachiel e tipo mar telebisen kowuok Afya House e boma ma Nairobika laktar Aman bende ne oyango ni nitie jii 10 mane tuono olal gi ngimagi ei kawuononi makoro kelo kwan jogo duto ma tuono osenego e thurka chopo jii 260	[{'start_byte': 64, 'limit_byte': 74, 'label': 'LOC'}, {'start_byte': 85, 'limit_byte': 94, 'label': 'LOC'}, {'start_byte': 102, 'limit_byte': 106, 'label': 'PER'}, {'start_byte': 169, 'limit_byte': 178, 'label': 'DATE'}]	LOC: Afya House $$ LOC: Nairobika $$ PER: Aman $$ DATE: kawuononi	organization: afya house $ location: nairobika $ person: aman
13	test-00002702	luo	Aman bende nowacho ni County ma Nairobi emapod ne okao namba kuom bedo kod kwan maduong mag joma nigi midusi mar Covid-19no mane gin jii 342	[{'start_byte': 0, 'limit_byte': 4, 'label': 'PER'}, {'start_byte': 22, 'limit_byte': 39, 'label': 'LOC'}]	PER: Aman $$ LOC: County ma Nairobi	location: nairobi $ location: county ma nairobi $ location: kwan maduong mag joma $ organization: covid-19
14	test-00002703	luo	Bende ne oyangi ni nitie jii 499 mane ochango ei kawuononi ma owe odhi pacho kowacho ni kuom jogo, 403 ne gin jogo manyocha tuo to ne yudo thieth gie utegi mong' ere gi dho ngere kaka Home Based Care	[{'start_byte': 49, 'limit_byte': 58, 'label': 'DATE'}, {'start_byte': 115, 'limit_byte': 123, 'label': 'DATE'}]	DATE: kawuononi $$ DATE: manyocha	the passage is in luo, a language spoken in kenya. however, it doesn't seem to contain any named entities such as personal names, organization names, or location names.
15	test-00002704	luo	Maraga oyudo fuong' ruok	[{'start_byte': 0, 'limit_byte': 6, 'label': 'PER'}]	PER: Maraga	"the provided text ""maraga oyudo fuong' ruok"" does not contain any identifiable named entities based on standard english language named entity recognition."
16	test-00002705	luo	Doho mar nyithindo owito oko bura ma yande ochwal miyo moro ma nyinge Mary Kwamboka ka ywak ni ogai mar bad migao mar doho justice David Maraga odagi kawo ting'  mar nyathi ma owacho ni ne ginyuolo kode.	[{'start_byte': 0, 'limit_byte': 18, 'label': 'ORG'}, {'start_byte': 70, 'limit_byte': 83, 'label': 'PER'}, {'start_byte': 131, 'limit_byte': 143, 'label': 'PER'}]	ORG: Doho mar nyithindo $$ PER: Mary Kwamboka $$ PER: David Maraga	person: doho mar nyithindo $ person: mary kwamboka $ person: justice david maraga
17	test-00002706	luo	Jayal bura Gerald Gitonga okoo ni burano ne onge kod mise motegno kaka ne ochwale e doho.	[{'start_byte': 11, 'limit_byte': 25, 'label': 'PER'}]	PER: Gerald Gitonga	person: jayal bura gerald gitonga okoo $ location: ochwale e doho.
18	test-00002707	luo	Okil kamaloka Danstan Omari ma yalo e loo migosi David Maraga okoo ni bura ma nyocha miyono odhi mako e doho en ma miriambo nimar migosi maraga ok ong' eyo kata mana miyono.	[{'start_byte': 14, 'limit_byte': 27, 'label': 'PER'}, {'start_byte': 49, 'limit_byte': 61, 'label': 'PER'}, {'start_byte': 78, 'limit_byte': 84, 'label': 'DATE'}]	PER: Danstan Omari $$ PER: David Maraga $$ DATE: nyocha	person: okil kamaloka $ person: danstan omari $ person: david maraga $ location: loo migosi $ location: bura ma nyocha $ location: doho en ma miriambo $ person: maraga
19	test-00002708	luo	Mary Kwamboka yande okelo koko e kar aluora maar log tich mar bad migao mar doho ne wach onogo ma bende okinde mag Maraga ne okee kode ni otemo chuogo weche mag mirimabo.	[{'start_byte': 0, 'limit_byte': 13, 'label': 'PER'}, {'start_byte': 115, 'limit_byte': 121, 'label': 'PER'}]	PER: Mary Kwamboka $$ PER: Maraga	person: mary kwamboka $ person: maraga
21	test-00002710	luo	Jii 3 moko ma oting'o nyithindo 2  mawuok e familia achiel ne jotho kanyo kanyo ka mamoko 3 to rem nego bang polo gogi e gwenge mag Achudinet ei Teso North	[{'start_byte': 132, 'limit_byte': 141, 'label': 'LOC'}, {'start_byte': 145, 'limit_byte': 155, 'label': 'LOC'}]	LOC: Achudinet $$ LOC: Teso North	location: achudinet $ location: teso north
22	test-00002711	luo	Kane oyango aidera mar wachno  jatend obila ma County ma Busia  Wambua Katithi nowacho ni masirano mane otimore kar saa  2 mar otieno mane piny oruugo kawuononi ne okelo tho mar nyimine 2 gi owadgi	[{'start_byte': 47, 'limit_byte': 62, 'label': 'LOC'}, {'start_byte': 64, 'limit_byte': 78, 'label': 'PER'}, {'start_byte': 116, 'limit_byte': 122, 'label': 'DATE'}, {'start_byte': 127, 'limit_byte': 133, 'label': 'DATE'}, {'start_byte': 151, 'limit_byte': 160, 'label': 'DATE'}]	LOC: County ma Busia $$ PER: Wambua Katithi $$ DATE: saa  2 $$ DATE: otieno $$ DATE: kawuononi	person: kane oyango $ person: wambua katithi $ person: otieno $ location: county ma busia $ time: saa 2 $ quantity: nyimine 2
23	test-00002712	luo	Jo familia achiel mane jothogo gin ja higni 9, ja higni 14 kod ja higni 20	[{'start_byte': 38, 'limit_byte': 45, 'label': 'DATE'}, {'start_byte': 50, 'limit_byte': 58, 'label': 'DATE'}, {'start_byte': 66, 'limit_byte': 74, 'label': 'DATE'}]	DATE: higni 9 $$ DATE: higni 14 $$ DATE: higni 20	the provided text does not contain any identifiable named entities.
24	test-00002713	luo	Wambua nowacho ni jomanne johinyorego to ne oringgo e kar thieth ma kocholia	[{'start_byte': 0, 'limit_byte': 6, 'label': 'PER'}, {'start_byte': 54, 'limit_byte': 76, 'label': 'ORG'}]	PER: Wambua $$ ORG: kar thieth ma kocholia	person: wambua $ person: jomanne johinyorego
25	test-00002714	luo	Ng'anyo mar nurses mane ochan timo wuok tich koro ochwal nyime	[{'start_byte': 35, 'limit_byte': 44, 'label': 'DATE'}]	DATE: wuok tich	the text you provided seems to be in a language other than english, which makes it difficult for me to identify the named entities. could you please provide the text in english or specify the language?
26	test-00002715	luo	Riuruok mar Nurses mapachoka koro jochwalo nyime  ngányo margi mane onegobed ni chakore ayanga kiny wuok tich	[{'start_byte': 101, 'limit_byte': 110, 'label': 'DATE'}]	DATE: wuok tich	the provided text seems to be in a non-english language, possibly luo, and without a proper translation, it's difficult to identify any named entities. could you please provide a translation or context?
27	test-00002716	luo	Riuruogno ne okao okang machalo kamano mar mondo mi gimi duol mochungne osach jotij piny owacho -Salaries and Remuneration Commission thuolo maber mar chopo dwach winjruok manegibedo godo kodgi mar medogi osara	[{'start_byte': 97, 'limit_byte': 133, 'label': 'ORG'}]	ORG: Salaries and Remuneration Commission	organization: salaries and remuneration commission$
28	test-00002717	luo	Kanowuoyo e boma ma Kakamega , jagoro maduong ma riuruogno migosi Seth Panyako nowacho ni ngányno koro gibirobago tarik 5 mar dwe mar 2 higa manyien	[{'start_byte': 12, 'limit_byte': 28, 'label': 'LOC'}, {'start_byte': 66, 'limit_byte': 78, 'label': 'PER'}, {'start_byte': 115, 'limit_byte': 149, 'label': 'DATE'}]	LOC: boma ma Kakamega $$ PER: Seth Panyako $$ DATE: tarik 5 mar dwe mar 2 higa manyien	location: kakamega $ person: seth panyako
29	test-00002718	luo	Bende riuruok mar nursesno ne duaro ni piny owacho owuo board mar NHIF kaluwore kod wach mibadhi ma okwako boardno	[{'start_byte': 56, 'limit_byte': 70, 'label': 'ORG'}]	ORG: board mar NHIF	organization: nhif$
30	test-00002719	luo	Meko mar apisas maka NHIF kod KPC ma weche mibadhi mako	[{'start_byte': 21, 'limit_byte': 25, 'label': 'ORG'}, {'start_byte': 30, 'limit_byte': 33, 'label': 'ORG'}]	ORG: NHIF $$ ORG: KPC	organization: nhif $ organization: kpc
31	test-00002720	luo	Jotelo moko 3 mag kambi mar Kenya Pipeline manyo omaki nyoro nyo oter e apis obila mag okwach kich e apaya ma Kiambu Road buore Nairobika manyo odaye dhogi ne weche mag mibadhi ma makogi	[{'start_byte': 28, 'limit_byte': 42, 'label': 'ORG'}, {'start_byte': 110, 'limit_byte': 121, 'label': 'LOC'}, {'start_byte': 128, 'limit_byte': 137, 'label': 'LOC'}]	ORG: Kenya Pipeline $$ LOC: Kiambu Road $$ LOC: Nairobika	person: jotelo moko $ organization: kenya pipeline $ location: kiambu road $ location: nairobika
32	test-00002721	luo	Jotelo manyo omakigo oting'o jataa tije ka kambi mar Kenya Pipelineno migosi Joe Sang , karan mare Gloria Khafafa  kod Vincecent Cheruiyot matiyo e bad migao mochungne ngíewo ka Kenya Pipeline kanyo	[{'start_byte': 53, 'limit_byte': 69, 'label': 'ORG'}, {'start_byte': 77, 'limit_byte': 85, 'label': 'PER'}, {'start_byte': 99, 'limit_byte': 113, 'label': 'PER'}, {'start_byte': 119, 'limit_byte': 138, 'label': 'PER'}, {'start_byte': 179, 'limit_byte': 193, 'label': 'ORG'}]	ORG: Kenya Pipelineno $$ PER: Joe Sang $$ PER: Gloria Khafafa $$ PER: Vincecent Cheruiyot $$ ORG: Kenya Pipeline	person: jotelo manyo $ organization: kenya pipeline $ person: joe sang $ person: gloria khafafa $ person: vincecent cheruiyot $ location: kenya
33	test-00002722	luo	To kumachielo bende apisas mamoko 7 ma jotiyo e board mochungne insurance mar thieth  ka NHIF bende nyo omaki	[{'start_byte': 89, 'limit_byte': 93, 'label': 'ORG'}]	ORG: NHIF	organization: nhif$
35	test-00002724	luo	Apisas abiryogo  gin Mudzo Nzili mawuok e county ma Kwale ,Yussuf Ibrahiim , Simeon Kirgoty , Ruth Sudoi , Gilbert Kamau , Irene Rono kod Robert Mureithi	[{'start_byte': 21, 'limit_byte': 32, 'label': 'PER'}, {'start_byte': 42, 'limit_byte': 57, 'label': 'LOC'}, {'start_byte': 59, 'limit_byte': 74, 'label': 'PER'}, {'start_byte': 77, 'limit_byte': 91, 'label': 'PER'}, {'start_byte': 94, 'limit_byte': 104, 'label': 'PER'}, {'start_byte': 107, 'limit_byte': 120, 'label': 'PER'}, {'start_byte': 123, 'limit_byte': 133, 'label': 'PER'}, {'start_byte': 138, 'limit_byte': 153, 'label': 'PER'}]	PER: Mudzo Nzili $$ LOC: county ma Kwale $$ PER: Yussuf Ibrahiim $$ PER: Simeon Kirgoty $$ PER: Ruth Sudoi $$ PER: Gilbert Kamau $$ PER: Irene Rono $$ PER: Robert Mureithi	person: apisas abiryogo $ person: mudzo nzili $ location: kwale $ person: yussuf ibrahiim $ person: simeon kirgoty $ person: ruth sudoi $ person: gilbert kamau $ person: irene rono $ person: robert mureithi
36	test-00002725	luo	Pes bursary ma County ma Homa Bay koro oyudo mijing'o	[{'start_byte': 15, 'limit_byte': 33, 'label': 'LOC'}]	LOC: County ma Homa Bay	organization: pes bursary $ location: ma county $ location: homa bay $ person: oyudo mijing'o
37	test-00002726	luo	Bunge mar County ma Homa Bay koro otimo lokruok ne chike matayo weche mag chiwo bursary mag somo mongere kaka Education Bursary Fund Ammendment bill 2018 mabiro konyo neno ni jogo ma odak gi ng'ol bende onyuandi e komiti mochungne bursary  kod konyo neno ni bursaryno ipogo e yoo mowinjore maonge mibadhi moro amora	[{'start_byte': 10, 'limit_byte': 28, 'label': 'LOC'}, {'start_byte': 149, 'limit_byte': 153, 'label': 'DATE'}]	LOC: County ma Homa Bay $$ DATE: 2018	location: bunge mar county $ location: homa bay $ organization: education bursary fund ammendment bill 2018 $ organization: komiti mochungne bursary
38	test-00002727	luo	Kanyowuoyo ewii wachno jakom komiti mochungne yoore mag somo migosi James Okeyo nyowacho ni okang ma gikao mar timo lokruok ne chikego biro  neno ni komiti mochungne bursaryno oting'o girube duto mondo eka koro  bursaryno inyalo pogo ne nyiithindo duto maonge gi nyalo mawuok e wards 40 duto ma Homa Bay kuno	[{'start_byte': 68, 'limit_byte': 79, 'label': 'PER'}, {'start_byte': 295, 'limit_byte': 303, 'label': 'LOC'}]	PER: James Okeyo $$ LOC: Homa Bay	person: james okeyo $ location: homa bay
39	test-00002728	luo	To bende kanyowuoyo ewii wach achiel nogono MCA ma Kabondo East  migosi Ochieng nyowacho ni komiti mar bunge mar County mochungne weche mag somo oseiko  yoore mabecho ka jomakore gi bad migao mochungne somo e County ma Homa Bay kuno mar neno ni jokanyo manyien mag komiti mar bursaryno jotayo chenro mag pogo pes bursaryno  e yoo mowinjore	[{'start_byte': 51, 'limit_byte': 63, 'label': 'LOC'}, {'start_byte': 72, 'limit_byte': 79, 'label': 'PER'}, {'start_byte': 209, 'limit_byte': 227, 'label': 'LOC'}]	LOC: Kabondo East $$ PER: Ochieng $$ LOC: County ma Homa Bay	person: kanyowuoyo ewii $ person: ochieng $ organization: mca ma kabondo east $ organization: komiti mar bunge mar county $ location: county ma homa bay $ organization: komiti mar bursaryno
40	test-00002729	luo	Nyo oyango ni wards 40 mag County ma Homa Baygo oketnegi  omenda maromo silings million 2.5 mar hik manyonge mar 2018/2019  kowuok e silings million 1.5 mane entieree e budget mokalo mar neno ni nyithindo duto maonge gi nyalo joyudo pes bursaryno	[{'start_byte': 27, 'limit_byte': 47, 'label': 'LOC'}, {'start_byte': 96, 'limit_byte': 108, 'label': 'DATE'}, {'start_byte': 113, 'limit_byte': 122, 'label': 'DATE'}]	LOC: County ma Homa Baygo $$ DATE: hik manyonge $$ DATE: 2018/2019	location: homa bay$ organization: county ma homa baygo$ organization: nyo oyango$ organization: wards 40$ date: 2018/2019$ currency: silings million 2.5$ currency: silings million 1.5$ organization: budget mokalo mar neno$ organization: nyithindo duto maonge$ organization: nyalo joyudo pes bursaryno
41	test-00002730	luo	MCAno nyowacho ni form mag bursaryno birobedo  eskunde duto mag piny owacho e Countyno mangima mar mondo mi ochiu thuolo mayot ne jopuonjre maonge gi nyalo e yudo formsgo ka obi oyau school e dwe mar 1 mar higa manyien mar oro kwayo mar yudo bursaryno	[{'start_byte': 206, 'limit_byte': 218, 'label': 'DATE'}]	DATE: higa manyien	the text provided appears to be in a language other than english, possibly luo or another african language. as such, it's difficult for me to identify specific named entities. however, if you provide the text in english or another language i'm familiar with, i'd be happy to help!
42	test-00002731	luo	Odinga seyo MCAs kuom chamo pes jopiny	[{'start_byte': 0, 'limit_byte': 6, 'label': 'PER'}]	PER: Odinga	person: odinga $ organization: mcas $ organization: chamo $ person: jopiny
43	test-00002732	luo	Jatend duond bura mar ODM migosi Raila Amolo Odinga kawuono oseyo malit mokalo MCAS kuom tiyo marach gi omenda jopiny moketi mag weche dongruok	[{'start_byte': 22, 'limit_byte': 25, 'label': 'ORG'}, {'start_byte': 33, 'limit_byte': 51, 'label': 'PER'}, {'start_byte': 52, 'limit_byte': 59, 'label': 'DATE'}]	ORG: ODM $$ PER: Raila Amolo Odinga $$ DATE: kawuono	organization: odm $ person: raila amolo odinga $ organization: mcas
44	test-00002733	luo	Kanomedowuoyo ewii wachno migosi Raila nowacho ni tend  loch gwenge kata devolution ne okel e Pachoka mar konyo neno ni mwandu duto mapachoka ipogo marom ne gwenge duto mathurka	[{'start_byte': 33, 'limit_byte': 38, 'label': 'PER'}]	PER: Raila	person: kanomedowuoyo ewii $ person: raila $ location: pachoka
46	test-00002735	luo	Migosi Raila nowacho ni MCAS  osebedo ka kuodo wii jii gi lweny ma gisiko godo e kinde ka kinde kar tiyone jopiny mane oyierogi	[{'start_byte': 7, 'limit_byte': 12, 'label': 'PER'}]	PER: Raila	person: migosi raila $ organization: mcas
48	test-00002737	luo	Kanowuoyo Kisumu migosi Raila nowacho ni MCA  mag counties ma Kisumu, Homa Bay, Nairobi  kod Kakamega gin jogo ma jowuok oko mar nego devolution chutho mar neno ni devolution ok okelo ber moro amora e thurka	[{'start_byte': 10, 'limit_byte': 16, 'label': 'LOC'}, {'start_byte': 24, 'limit_byte': 29, 'label': 'PER'}, {'start_byte': 62, 'limit_byte': 68, 'label': 'LOC'}, {'start_byte': 70, 'limit_byte': 78, 'label': 'LOC'}, {'start_byte': 80, 'limit_byte': 87, 'label': 'LOC'}, {'start_byte': 93, 'limit_byte': 101, 'label': 'LOC'}]	LOC: Kisumu $$ PER: Raila $$ LOC: Kisumu $$ LOC: Homa Bay $$ LOC: Nairobi $$ LOC: Kakamega	location: kanowuoyo $ location: kisumu $ location: migosi $ person: raila $ organization: mca $ location: kisumu $ location: homa bay $ location: nairobi $ location: kakamega $ organization: devolution $ location: thurka
49	test-00002738	luo	Nowacho ni winjruok margi mongére kaka Building Bridges Initiative sani luorore e tung Kenya mangima ka choko pach jopiny ewii kaka inyalotieko weche mag jotelo chamo pes jopinygo	[{'start_byte': 68, 'limit_byte': 72, 'label': 'DATE'}, {'start_byte': 88, 'limit_byte': 93, 'label': 'LOC'}]	DATE: sani $$ LOC: Kenya	organization: building bridges initiative $ location: kenya
50	test-00002739	luo	Chike mar apaya ibiro rido e gwenge ma nyanza e nyasi mar christmas	[{'start_byte': 39, 'limit_byte': 45, 'label': 'LOC'}]	LOC: nyanza	i'm sorry, but the text you provided doesn't seem to contain any identifiable named entities. named entities are usually proper nouns, such as the names of people, organizations, or locations, and your text doesn't appear to include any of these.
51	test-00002740	luo	Apisa mag obila mag wangapaya koro omi chik mar chwalo nyime kendo rido chike mag wangapaya e kinde nyasi mar christmas e counties 6  mag nyanza	[{'start_byte': 138, 'limit_byte': 144, 'label': 'LOC'}]	LOC: nyanza	event: christmas $ location: nyanza $ quantity: 6 counties
52	test-00002741	luo	kamishna mar apisas e gwenge go  migosi Moffat Kingi wacho ni yore duto madongo to kod matindo e counties ma Kisumu Kisii Nyamira Homabay Siaya to kod Migori ibiro chwale apisas mag obila mar neno ni chike mag wangapaya oluu kaka dwarore	[{'start_byte': 40, 'limit_byte': 52, 'label': 'PER'}, {'start_byte': 109, 'limit_byte': 143, 'label': 'LOC'}, {'start_byte': 151, 'limit_byte': 157, 'label': 'LOC'}]	PER: Moffat Kingi $$ LOC: Kisumu Kisii Nyamira Homabay Siaya $$ LOC: Migori	person: kamishna mar apisas $ person: moffat kingi $ location: kisumu $ location: kisii $ location: nyamira $ location: homabay $ location: siaya $ location: migori
54	test-00002743	luo	migosi kingi wacho ni kata e kor gwenge bende apisas biro bedo mar neno ninjo apiko ochikore tir gi chike ma apaya ka okang makama en mar duoko piny masiche mag apaya mano maweyo ka thoth oganda wito ngimagi .	[{'start_byte': 7, 'limit_byte': 12, 'label': 'PER'}]	PER: kingi	the text provided does not appear to contain any clear named entities such as specific people, organizations, or locations. it seems to be in luo, a language spoken in parts of east africa, and without context or translation, it's challenging to identify any named entities.
55	test-00002744	luo	migosi kingi ne owaco ni weg nyamburko matingo jowuoth e kinde nyasi mar christamas nyaka bed kod obok madwarore mar chwalo jowuoth e pachoka	[{'start_byte': 7, 'limit_byte': 12, 'label': 'PER'}]	PER: kingi	the text provided appears to be in a language other than english, possibly luo or another african language. as a result, it's challenging to identify named entities without understanding the language. however, if any of the words are proper nouns (names of people, places, or organizations), they would be considered named entities.
56	test-00002745	luo	Raila okwayo jodak owuog oko kendo ruako ker kenyataa	[{'start_byte': 0, 'limit_byte': 5, 'label': 'PER'}, {'start_byte': 45, 'limit_byte': 53, 'label': 'PER'}]	PER: Raila $$ PER: kenyataa	person: raila okwayo $ person: jodak owuog $ person: oko kendo $ person: ruako ker $ person: kenyataa
57	test-00002746	luo	Ogai mar nasa Raila Amolo Odinga koro okwayo jodak  e county ma kisumu mondo mii oikore mar rwako ker Kenyataa e kinde ma obiro wendo bomano machiegni e dwe marapar gariyo limbeno  mokuongo mar ker kenyataa chakre yiero ma higa mokalo to kod tok mosruok e kindgi dwe mar adek higani	[{'start_byte': 9, 'limit_byte': 13, 'label': 'ORG'}, {'start_byte': 14, 'limit_byte': 32, 'label': 'PER'}, {'start_byte': 54, 'limit_byte': 70, 'label': 'LOC'}, {'start_byte': 102, 'limit_byte': 110, 'label': 'PER'}, {'start_byte': 198, 'limit_byte': 206, 'label': 'PER'}]	ORG: nasa $$ PER: Raila Amolo Odinga $$ LOC: county ma kisumu $$ PER: Kenyataa $$ PER: kenyataa	person: raila amolo odinga $ location: county ma kisumu $ person: kenyataa $ location: kinde ma obiro $ location: dwe marapar $ organization: ker kenyataa $ location: chakre yiero $ location: tok mosruok $ location: kindgi dwe mar adek
58	test-00002747	luo	migosi Odinga maneloso e boma ma kisumu odiochieng makawuono ne owacho kinde ochopo mar riwruok kendo keto tenge pogruok e kind oganda  ka iriwo  oganda jokenya mano maomiyo ne okao okang mag romo gi ker kenyataa kend singo tiyo kanyakla mar riwo oganda bang mosruok e kindgi	[{'start_byte': 7, 'limit_byte': 13, 'label': 'PER'}, {'start_byte': 25, 'limit_byte': 39, 'label': 'LOC'}, {'start_byte': 51, 'limit_byte': 60, 'label': 'DATE'}, {'start_byte': 204, 'limit_byte': 212, 'label': 'PER'}]	PER: Odinga $$ LOC: boma ma kisumu $$ DATE: makawuono $$ PER: kenyataa	person: migosi odinga $ location: boma ma kisumu $ person: odiochieng makawuono $ location: oganda $ location: oganda jokenya $ person: okao okang $ person: ker kenyataa $ location: oganda
59	test-00002748	luo	Ne bende oyango mago ma winjruok e kinde to kod ker Kenyataa geto mar chopo e pachoka mar neno ni jokenya oriwore kedno obedo e achiel mano mani e buo chenro mar building initiatives ma duol manochuogi osechako limo gwenge ma pachoka mar yudo dho oganda e wi chenro makama mar jotelo ariyogi	[{'start_byte': 52, 'limit_byte': 60, 'label': 'PER'}]	PER: Kenyataa	person: oyango mago $ person: kenyataa $ location: achiel $ organization: building initiatives $ location: oganda
60	test-00002749	luo	kwayo makama ne oganda jo county ma kisumu biro ndalo machuok kende bang senator ma Kisumu migosi Fred Outa bende ne kwayo jodak mond owuog kar rombgi kendo rwako jotelo ariyogi	[{'start_byte': 26, 'limit_byte': 42, 'label': 'LOC'}, {'start_byte': 84, 'limit_byte': 90, 'label': 'LOC'}, {'start_byte': 98, 'limit_byte': 107, 'label': 'PER'}]	LOC: county ma kisumu $$ LOC: Kisumu $$ PER: Fred Outa	location: kisumu $ person: fred outa
61	test-00002750	luo	Media Council of Kenya chano bago lalruok e kind obila gi jofuamb weche	[{'start_byte': 0, 'limit_byte': 22, 'label': 'ORG'}]	ORG: Media Council of Kenya	organization: media council of kenya $ person: chano bago $ person: lalruok e $ person: kind obila $ person: jofuamb weche
62	test-00002751	luo	Duol matayo ute fwambo mapachoka mabende ongére kaka The Media Council of Kenya koro jochano bago lalruok makende e kind apisas mag obila kod ute fwambo mathurka  kaka yoo mar neno ni winjruok maber  obedo e kind kweth ariyogo mar  neno ni ginyalotiyo kanyakla	[{'start_byte': 54, 'limit_byte': 80, 'label': 'ORG'}]	ORG: The Media Council of Kenya	organization: the media council of kenya $
63	test-00002752	luo	Kanowuoyo ewii wachno jalup jataa tije e duondno migosi Victor Bwire nowacho ni okang makama ochope bang weche yangore ni okak maduong  medore  e kind jofwambo to kod apisas mag obila	[{'start_byte': 56, 'limit_byte': 68, 'label': 'PER'}]	PER: Victor Bwire	person: victor bwire $
64	test-00002753	luo	Migosi Bwire nowacho ni e kinde mokalogi  jofwambo osebed ka imonjo kod obila ka mamoko to otam katamana etimo tijegi gi obila mabende osekelo winjruok mararacha mokalo e kind jofuamb weche gi obila kakoro gidwaro bago lalruok makende e kind kweth ariyogo mar kelogi kanyakla e yoore mag tich	[{'start_byte': 7, 'limit_byte': 12, 'label': 'PER'}]	PER: Bwire	the text provided doesn't seem to contain any named entities. it appears to be in a language that isn't english, and without proper context or translation, it's difficult to identify any specific names of people, organizations, or locations.
65	test-00002754	luo	Jatelono mane loso e boma ma Siaya e romo mane obedo godo gi jofuamb weche ne owacho ni lalruok machalo kamano birochakore e higa manyien	[{'start_byte': 21, 'limit_byte': 34, 'label': 'LOC'}, {'start_byte': 125, 'limit_byte': 137, 'label': 'DATE'}]	LOC: boma ma Siaya $$ DATE: higa manyien	location: siaya
67	test-00002756	luo	Jodolo ma Kisumu jogolo pachgi ewii limbe ma Ker Uhuru dhi timo Kisumu	[{'start_byte': 10, 'limit_byte': 16, 'label': 'LOC'}, {'start_byte': 49, 'limit_byte': 54, 'label': 'PER'}, {'start_byte': 64, 'limit_byte': 70, 'label': 'LOC'}]	LOC: Kisumu $$ PER: Uhuru $$ LOC: Kisumu	location: kisumu $ person: ker uhuru
68	test-00002757	luo	Jodolo ma Kisumu koro jokwayo jopiny mondo jobi owuog oko kar rombgi e juma manyien ma igeno ni Ker Uhuru Kenyatta biro dhi sidhoe ayanga chenro moro mar yoore thieth  mongére kaka The Universal Health Coverage e boma ma Kisumu kuno	[{'start_byte': 10, 'limit_byte': 16, 'label': 'LOC'}, {'start_byte': 71, 'limit_byte': 83, 'label': 'DATE'}, {'start_byte': 100, 'limit_byte': 114, 'label': 'PER'}, {'start_byte': 214, 'limit_byte': 228, 'label': 'LOC'}]	LOC: Kisumu $$ DATE: juma manyien $$ PER: Uhuru Kenyatta $$ LOC: boma ma Kisumu	person: ker uhuru kenyatta $ organization: the universal health coverage $ location: kisumu
69	test-00002758	luo	Kanowuoyo ewii wachno jakom riuruok kanise ma Nyanza Arch Bishop Ogonyo Ngede nowacho ni gwenge mag Nyanza sani joneno ber mosruok ma Ker Uhuru ne jomosore godo gi ogai mar NASA migosi Raila Amolo Odinga esechegi mabende igenoe ni ker biro wendo nyaka Bondo Sub County bende	[{'start_byte': 28, 'limit_byte': 52, 'label': 'ORG'}, {'start_byte': 65, 'limit_byte': 77, 'label': 'PER'}, {'start_byte': 100, 'limit_byte': 106, 'label': 'LOC'}, {'start_byte': 107, 'limit_byte': 111, 'label': 'DATE'}, {'start_byte': 138, 'limit_byte': 143, 'label': 'PER'}, {'start_byte': 173, 'limit_byte': 177, 'label': 'ORG'}, {'start_byte': 185, 'limit_byte': 203, 'label': 'PER'}, {'start_byte': 252, 'limit_byte': 268, 'label': 'LOC'}]	ORG: riuruok kanise ma Nyanza $$ PER: Ogonyo Ngede $$ LOC: Nyanza $$ DATE: sani $$ PER: Uhuru $$ ORG: NASA $$ PER: Raila Amolo Odinga $$ LOC: Bondo Sub County	location: nyanza $ person: arch bishop ogonyo ngede $ location: nyanza $ location: ker uhuru $ organization: nasa $ person: raila amolo odinga $ location: bondo sub county
70	test-00002759	luo	To kumachielo bende jaod bura migosi Martin Owino kawuono ogoo dhoge piny ka opako okang ma Ker Uhuru kenyatta okao mar keto yoore mag thieth nyime moloyo e agenda meke mag dongruok mongére kaka Big 4 Agenda	[{'start_byte': 37, 'limit_byte': 49, 'label': 'PER'}, {'start_byte': 50, 'limit_byte': 57, 'label': 'DATE'}, {'start_byte': 96, 'limit_byte': 110, 'label': 'PER'}]	PER: Martin Owino $$ DATE: kawuono $$ PER: Uhuru kenyatta	person: martin owino $ person: uhuru kenyatta $ organization: big 4 agenda
71	test-00002760	luo	Kanowuoyo gi Radio Ramogi migosi Owino nowacho ni kaka jakanyo mar komiti mar od bura mochungne weche mag thieth e County ma Mgori kod Homa Bay omor mokalo gi okang ma Ker Uhuru okao mar duaro dongo yoore mag thieth e pachoka to moloyo to egwenge mag Luo Nyanza kuom chiuruok mar duaro dhi wendo boma ma Kisumu dhi yao ayanga chenro moro mar thieth motisi ni The Universal Health Coverage kowacho ni piny ma dhano ngimae e piny manyalobedo kod dongruok mowinjore	[{'start_byte': 13, 'limit_byte': 25, 'label': 'ORG'}, {'start_byte': 33, 'limit_byte': 38, 'label': 'PER'}, {'start_byte': 115, 'limit_byte': 130, 'label': 'LOC'}, {'start_byte': 135, 'limit_byte': 143, 'label': 'LOC'}, {'start_byte': 172, 'limit_byte': 177, 'label': 'PER'}, {'start_byte': 251, 'limit_byte': 261, 'label': 'LOC'}, {'start_byte': 296, 'limit_byte': 310, 'label': 'LOC'}]	ORG: Radio Ramogi $$ PER: Owino $$ LOC: County ma Mgori $$ LOC: Homa Bay $$ PER: Uhuru $$ LOC: Luo Nyanza $$ LOC: boma ma Kisumu	organization: radio ramogi $ location: county ma mgori $ location: homa bay $ person: ker uhuru $ location: luo nyanza $ location: kisumu $ organization: the universal health coverage
72	test-00002761	luo	Bende jatelono nowacho ni osiro ogai mar NASA migosi Raila Amolo Odinga kuom ruako Ker Uhuru Kisumu tarik 13 mar dweni ma odhi yawoe ayanga chenro mar thiethno gi nyasi tee mane otiso ni mar Luo Nation	[{'start_byte': 41, 'limit_byte': 45, 'label': 'ORG'}, {'start_byte': 53, 'limit_byte': 71, 'label': 'PER'}, {'start_byte': 87, 'limit_byte': 92, 'label': 'PER'}, {'start_byte': 93, 'limit_byte': 99, 'label': 'LOC'}, {'start_byte': 100, 'limit_byte': 118, 'label': 'DATE'}]	ORG: NASA $$ PER: Raila Amolo Odinga $$ PER: Uhuru $$ LOC: Kisumu $$ DATE: tarik 13 mar dweni	organization: nasa $ person: raila amolo odinga $ location: ker uhuru kisumu $ date: tarik 13 $ language: luo nation
73	test-00002762	luo	Khalwale dwaro mondo oriemb Raila Odinga e duond bura mar ODM	[{'start_byte': 0, 'limit_byte': 8, 'label': 'PER'}, {'start_byte': 28, 'limit_byte': 40, 'label': 'PER'}, {'start_byte': 58, 'limit_byte': 61, 'label': 'ORG'}]	PER: Khalwale $$ PER: Raila Odinga $$ ORG: ODM	person: khalwale dwaro $ person: raila odinga $ organization: odm
74	test-00002763	luo	Senator machon mar county ma Kakamega migosi Boni Khalwale koro kwayo jood bura mag ODM mondo mii oriemb ogai mar nasa raila amolo odinga e duond burano.	[{'start_byte': 19, 'limit_byte': 37, 'label': 'LOC'}, {'start_byte': 45, 'limit_byte': 58, 'label': 'PER'}, {'start_byte': 84, 'limit_byte': 87, 'label': 'ORG'}, {'start_byte': 114, 'limit_byte': 118, 'label': 'ORG'}, {'start_byte': 119, 'limit_byte': 137, 'label': 'PER'}]	LOC: county ma Kakamega $$ PER: Boni Khalwale $$ ORG: ODM $$ ORG: nasa $$ PER: raila amolo odinga	person: senator machon mar $ location: kakamega migosi $ person: boni khalwale $ organization: odm $ organization: nasa $ person: raila amolo odinga
75	test-00002764	luo	ma en bang kamati ma ochungne chike to kod kum e duond bur mar odm ne golo paro mar dwaro riembo jaod bura ma malindi mikayi Aisha Jumwa kod jaod bura ma Msambweni Suleiman Dori kaluore kod weche mag rem luwo chike mag ODM kendo bedo gi tok teko	[{'start_byte': 63, 'limit_byte': 66, 'label': 'ORG'}, {'start_byte': 110, 'limit_byte': 117, 'label': 'LOC'}, {'start_byte': 125, 'limit_byte': 136, 'label': 'PER'}, {'start_byte': 154, 'limit_byte': 163, 'label': 'LOC'}, {'start_byte': 164, 'limit_byte': 177, 'label': 'PER'}, {'start_byte': 219, 'limit_byte': 222, 'label': 'ORG'}]	ORG: odm $$ LOC: malindi $$ PER: Aisha Jumwa $$ LOC: Msambweni $$ PER: Suleiman Dori $$ ORG: ODM	person: aisha jumwa $ location: malindi $ person: suleiman dori $ location: msambweni $ organization: odm
76	test-00002765	luo	kaluore kod khalwale migosi Odinga oseriwore kod Ker Kenyatta mano mawuok e duond bura mar jubilee kendo singo tiyo kode kanyakla omiyo en bende onego kao ne ondamo mag chiik.	[{'start_byte': 12, 'limit_byte': 20, 'label': 'PER'}, {'start_byte': 28, 'limit_byte': 34, 'label': 'PER'}, {'start_byte': 53, 'limit_byte': 61, 'label': 'PER'}, {'start_byte': 91, 'limit_byte': 98, 'label': 'ORG'}]	PER: khalwale $$ PER: Odinga $$ PER: Kenyatta $$ ORG: jubilee	person: kaluore $ person: khalwale $ person: migosi odinga $ person: ker kenyatta $ organization: jubilee
77	test-00002766	luo	jood bura ariyogi kaachiel kod mcas abiriyo igeno mar molo enyim kamatai matayo duond bura mar odm e kenya mangima mar  chiwo dhog gi to kod ngeyo okang mogik mibiro kaonegi	[{'start_byte': 95, 'limit_byte': 98, 'label': 'ORG'}]	ORG: odm	organization: odm $ location: kenya
78	test-00002767	luo	ODM OKWEDO WINJRUOK GI WIPER	[{'start_byte': 0, 'limit_byte': 3, 'label': 'ORG'}, {'start_byte': 23, 'limit_byte': 28, 'label': 'ORG'}]	ORG: ODM $$ ORG: WIPER	there are no named entities in the given text.
79	test-00002768	luo	Duond bura mar ODM okwedo mokalo wach moro ni nitie winjruok moro malingling mar dhi e yiero kaka twech achiel gi duond buch WIPER.	[{'start_byte': 15, 'limit_byte': 18, 'label': 'ORG'}, {'start_byte': 125, 'limit_byte': 130, 'label': 'ORG'}]	ORG: ODM $$ ORG: WIPER	organization: odm $ organization: wiper
80	test-00002769	luo	Maeri en bang'  Kalonzo Musyoka ma en jatend wiper, e twak moro mar oboke ma pacho kae   wacho ni giseketo kogno e winjruok en kod Raila Odinga e wi yiero mabiro.	[{'start_byte': 16, 'limit_byte': 31, 'label': 'PER'}, {'start_byte': 45, 'limit_byte': 50, 'label': 'ORG'}, {'start_byte': 131, 'limit_byte': 143, 'label': 'PER'}]	PER: Kalonzo Musyoka $$ ORG: wiper $$ PER: Raila Odinga	person: kalonzo musyoka $ organization: wiper $ person: raila odinga
81	test-00002770	luo	ODM kata kamano okwedo wach ma kamano ka giwacho ni winjruok ma kamano pok nobedo.	[{'start_byte': 0, 'limit_byte': 3, 'label': 'ORG'}]	ORG: ODM	the text provided appears to be in a language other than english, and without a translation or context, it's difficult to identify any named entities. could you please provide a translation or more context?
82	test-00002771	luo	Jagoro maduong mar odm Edwin Sifuna,  olero na Kalonzo, Mudavadi kod Wetangula ema ne jopodho NASA bang panjo ne nyasi mag sidho Raila Odinga kaka jatend oganda.	[{'start_byte': 19, 'limit_byte': 22, 'label': 'ORG'}, {'start_byte': 23, 'limit_byte': 35, 'label': 'PER'}, {'start_byte': 47, 'limit_byte': 54, 'label': 'PER'}, {'start_byte': 56, 'limit_byte': 64, 'label': 'PER'}, {'start_byte': 69, 'limit_byte': 78, 'label': 'PER'}, {'start_byte': 94, 'limit_byte': 98, 'label': 'ORG'}, {'start_byte': 129, 'limit_byte': 141, 'label': 'PER'}]	ORG: odm $$ PER: Edwin Sifuna $$ PER: Kalonzo $$ PER: Mudavadi $$ PER: Wetangula $$ ORG: NASA $$ PER: Raila Odinga	person: edwin sifuna $ person: kalonzo $ person: mudavadi $ person: wetangula $ organization: nasa $ person: raila odinga
84	test-00002773	luo	Riwruok mar bisobe makopere  kokalo kuom chenro mar komesha tuberclosis, dhi nyime gi puonjo jodak ma Kisumo  e wi dwaro mar dhi e pim mar tuo kaherano.	[{'start_byte': 102, 'limit_byte': 108, 'label': 'LOC'}]	LOC: Kisumo	location: kisumo $
85	test-00002774	luo	Kweth ma kamano notero kampen ma kamano e boma ma awasi  kama nopuonj jo ohala ber mar dhi e pim e osiptal.	[{'start_byte': 42, 'limit_byte': 55, 'label': 'LOC'}]	LOC: boma ma awasi	the text provided seems to be in a language other than english, and without proper translation, it's difficult to identify the named entities accurately. however, if you provide the text in english or provide more context, i'd be happy to help identify the named entities.
86	test-00002775	luo	Coordinator mar tuo kahera e county ma kisumo timothy malika, owacho ni maromo jii 2500 sani dhi nyime gi yudo thieth mar tuo  kahera e countino.	[{'start_byte': 29, 'limit_byte': 45, 'label': 'LOC'}, {'start_byte': 46, 'limit_byte': 60, 'label': 'PER'}, {'start_byte': 88, 'limit_byte': 92, 'label': 'DATE'}]	LOC: county ma kisumo $$ PER: timothy malika $$ DATE: sani	person: timothy malika $ location: kisumo county
89	test-00002778	luo	Jopith jamni e gwenge 2 ma south Kanyabala  Sub location  e boma ma Homabay, jokwano lal  bang'  ondiek moro monjo kendo nego jambgi ochiko otieno mokalo.	[{'start_byte': 27, 'limit_byte': 56, 'label': 'LOC'}, {'start_byte': 60, 'limit_byte': 75, 'label': 'LOC'}, {'start_byte': 140, 'limit_byte': 153, 'label': 'DATE'}]	LOC: south Kanyabala  Sub location $$ LOC: boma ma Homabay $$ DATE: otieno mokalo	location: south kanyabala sub location $ location: homabay $ person: ondiek $ person: otieno mokalo
93	test-00002782	luo	Kwan mar jii moyudo midhusi mar corona e buo seche 24 mokalo gin 960.	[{'start_byte': 45, 'limit_byte': 60, 'label': 'DATE'}]	DATE: seche 24 mokalo	the text provided does not contain any identifiable named entities.
97	test-00002786	luo	Gi e kindeno jotuo mok 2 owito ngimagi gi tuo makochno.	[{'start_byte': 5, 'limit_byte': 12, 'label': 'DATE'}]	DATE: kindeno	the passage you provided appears to be in a language other than english and doesn't seem to contain any clear named entities. named entities are typically proper nouns, such as names of people, organizations, or places. if you could provide a passage in english or a more widely spoken language, i'd be happy to help identify the named entities.
99	test-00002788	luo	Jo Kakrao yuak ni MCA margi ojuang' o weche mag dongruok ma gwenggi	[{'start_byte': 3, 'limit_byte': 9, 'label': 'LOC'}]	LOC: Kakrao	the text provided doesn't seem to contain any clear named entities. it appears to be in a language other than english, which may affect the ability to accurately identify named entities. if there are specific names of people, places, or organizations in the text, they aren't recognizable without further context or knowledge of the language.
100	test-00002789	luo	Jo Kakrao Ward Sub County ma Suna East e County ma Migori sani koro joseyo malit mokalo piny owacho mar County margino kod jotelo mane oyier gwenggi kuno kuom jwang' ogi kagiwacho gwengegigo osebedo ka odong chien e weche mag oongruok kuom higni modhuro	[{'start_byte': 3, 'limit_byte': 38, 'label': 'LOC'}, {'start_byte': 41, 'limit_byte': 57, 'label': 'LOC'}, {'start_byte': 58, 'limit_byte': 62, 'label': 'DATE'}]	LOC: Kakrao Ward Sub County ma Suna East $$ LOC: County ma Migori $$ DATE: sani	location: jo kakrao ward $ location: suna east $ location: county ma migori
101	test-00002790	luo	Jo gwenggo mane otelnegi kod migosi Paul Otieno ne jowacho ni osebed mana ka iketogi mana gi singo modhuro gi jotelogo mabende ok chopi	[{'start_byte': 36, 'limit_byte': 47, 'label': 'PER'}]	PER: Paul Otieno	person: paul otieno$
102	test-00002791	luo	Kanomedowuoyo ewii wachno migosi Otieno nowacho ni giduaro ni wach ndara maricho makono ng' ii kaachiel gi ng' iyo wach taya mag chiche makono kod wach pur ndawa masani koro odok chieng kuno bende ng' ii	[{'start_byte': 33, 'limit_byte': 39, 'label': 'PER'}]	PER: Otieno	"the text provided appears to be in a language other than english, possibly luo. as such, it's difficult to accurately identify named entities. however, ""otieno"" seems to be a personal name. 

person: otieno"
103	test-00002792	luo	Jogwenggo joowacho ni gisetemo golo yuak margi ewii gik ma giduaro ni ng' iigo ne MCA margi migosi George Owiti to MCAno osebedo ka okao mamalo gi ma piny omuno maok oduar katamana wuoyo ewii wachno	[{'start_byte': 99, 'limit_byte': 111, 'label': 'PER'}]	PER: George Owiti	person: george owiti $ organization: mca $ location: jogwenggo joowacho $ location: margi ewii $ location: margi migosi $ location: piny omuno
104	test-00002793	luo	Kwan jii maromo million 16 gi alufu 48 gi 101 ma oyudi kawuononi ni nikod Covid-19 e bwo piny mangima	[{'start_byte': 55, 'limit_byte': 64, 'label': 'DATE'}]	DATE: kawuononi	the passage you provided seems to be in a language other than english, and it does not appear to contain any clear named entities. if there are any, they might not be recognizable due to the language barrier. could you please provide a passage in english or clarify the named entities in the current passage?
107	test-00002796	luo	Piny America ema okao namba achiel kuom pinje duto e bwo piny mangima kuom pinje ma tuono osenegoe jii mang' enyie moloyo ma gin jii alufu 148 gi 848 ka namba ariyo e piny Brazil ma osenegoe jii alufu 85 gi 385 ka namba 3 en India ma oseneoge jii alufu 31 gi 406	[{'start_byte': 5, 'limit_byte': 12, 'label': 'LOC'}, {'start_byte': 172, 'limit_byte': 178, 'label': 'LOC'}, {'start_byte': 225, 'limit_byte': 230, 'label': 'LOC'}]	LOC: America $$ LOC: Brazil $$ LOC: India	location: america $ location: brazil $ location: india
108	test-00002797	luo	JONEKO GI KORONA MOMBASA	[{'start_byte': 17, 'limit_byte': 24, 'label': 'LOC'}]	LOC: MOMBASA	location: mombasa$
109	test-00002798	luo	Esechegi ma oganda duto jotemo kawo okange mag ritore mondo mi kik gigam midhusi mar Korona, ngima jotuo mapachgi ogwenyore to chutho mago madangni e chuny boma ma Mombasa josebedo ekind akuru ga sumbi mar gamo tuonoendo nimar onge okange magikawo mar temo ritore kaluwore gi pachgi maok nikare.	[{'start_byte': 0, 'limit_byte': 8, 'label': 'DATE'}, {'start_byte': 156, 'limit_byte': 171, 'label': 'LOC'}]	DATE: Esechegi $$ LOC: boma ma Mombasa	location: mombasa$ organization: korona
110	test-00002799	luo	Kaluwore gi mano mikayi Amina Abdala maen jatend riwruog mine midendo ni Mombasa Women network ne ochako chenro mar choko jotuogoeko mondo mi oketgi kamoro thenge kuma gin bende inyalo pimgi midhuso mar corona mondo mi ochiwnegi thieth mowinjore.	[{'start_byte': 24, 'limit_byte': 36, 'label': 'PER'}, {'start_byte': 73, 'limit_byte': 94, 'label': 'ORG'}]	PER: Amina Abdala $$ ORG: Mombasa Women network	person: amina abdala $ location: mombasa $ organization: mombasa women network
112	test-00002801	luo	Jal moro ma ja higni 40 owito ngimane bang ng' ielore kowuok e  wi gode ma gwassi e sub location ma Malongo  e sub county ma Suba South e seche manyoringo kopanjo ne apisa marito bunge manyogoo apedha mar jok ma wang'o makaa e bungego.	[{'start_byte': 15, 'limit_byte': 23, 'label': 'DATE'}, {'start_byte': 67, 'limit_byte': 81, 'label': 'LOC'}, {'start_byte': 84, 'limit_byte': 107, 'label': 'LOC'}, {'start_byte': 111, 'limit_byte': 135, 'label': 'LOC'}]	DATE: higni 40 $$ LOC: gode ma gwassi $$ LOC: sub location ma Malongo $$ LOC: sub county ma Suba South	location: higni 40 $ location: owito $ location: kowuok $ location: wi gode $ location: gwassi $ location: malongo $ location: suba south $ organization: seche manyoringo kopanjo $ organization: apisa marito bunge manyogoo $ organization: apedha mar jok $ organization: wang'o makaa $ organization: bungego.
113	test-00002802	luo	Jaloero mane oyudo ilao gi apisa marito bunge nokier molwar koridore e gode ma gwassi kanyo ema kaeto nowito ngimane.	[{'start_byte': 71, 'limit_byte': 85, 'label': 'LOC'}]	LOC: gode ma gwassi	the provided text does not seem to contain any recognizable named entities. it appears to be in a language that is not english, and without context or translation, it's challenging to identify any specific personal names, organizations, or locations.
115	test-00002804	luo	KWAN JOK MA MANYO THIETH ODOK PINY MIGORI	[{'start_byte': 35, 'limit_byte': 41, 'label': 'LOC'}]	LOC: MIGORI	the given passage does not contain any named entities.
116	test-00002805	luo	Kwan mar jii madhi e ute mag thieth manyo thieth e County ma Migori odok piny mokalo nyaka ne midhusi mar corona muoji e thurka.	[{'start_byte': 51, 'limit_byte': 67, 'label': 'LOC'}]	LOC: County ma Migori	location: county ma migori $ organization: corona
117	test-00002806	luo	Maeri en kaluwore g apisa moro mar thieth e countino James Oguk.	[{'start_byte': 53, 'limit_byte': 63, 'label': 'PER'}]	PER: James Oguk	person: james oguk$
118	test-00002807	luo	Oguk wacho ni gisefwenyo ni jii sani thoro mana ng' iew yien e kuonde uso yedhe  ka mamoko to limo nyamrerwa mae kor gwenge ka gimanyo thieth.	[{'start_byte': 0, 'limit_byte': 4, 'label': 'PER'}, {'start_byte': 32, 'limit_byte': 36, 'label': 'DATE'}]	PER: Oguk $$ DATE: sani	the text you provided seems to be in a language other than english. unfortunately, i'm currently only able to identify named entities in english text. could you please provide an english text?
119	test-00002808	luo	Oguk wacho ni jii mathoth sani paro ni laktere odich ahinya gi wach midhusi mar corona moloyo tuoche mamoko gino mowacho ni ok adier.	[{'start_byte': 0, 'limit_byte': 4, 'label': 'PER'}, {'start_byte': 26, 'limit_byte': 30, 'label': 'DATE'}]	PER: Oguk $$ DATE: sani	"the passage you provided appears to be in the luo language, and without any specific context or translation, it's difficult to identify any named entities. however, the word ""corona"" stands out, which might refer to the coronavirus (covid-19). if you could provide a translation or more context, i could be more helpful."
120	test-00002809	luo	DOHO MA MOMBASA OCHAKO WINJO BUCHE AYANGA	[{'start_byte': 0, 'limit_byte': 15, 'label': 'ORG'}]	ORG: DOHO MA MOMBASA	the given text does not seem to contain any clear named entities in english. it might be in a different language, in which case i would need to know the language to accurately identify the named entities.
121	test-00002810	luo	Doho ma Mombasa kawuono ochako ayanga chenro mage mag winjo buche bang kanyocha olore kaluwore gi kwan mathoth mag jogo matiyo e doho kanyo manyocha oyangi ni neogamo midhusi mar Corona.	[{'start_byte': 0, 'limit_byte': 15, 'label': 'ORG'}, {'start_byte': 16, 'limit_byte': 23, 'label': 'DATE'}]	ORG: Doho ma Mombasa $$ DATE: kawuono	location: mombasa $ location: doho
122	test-00002811	luo	Doho no ne ochak olor kata bang ogai mar Doho e pachoka David Maraga chiwo thuolo mondo mi oyaw kuondego bang yangore ni jii 11 matiyo e doho kanyo monywando okinde kod apisas mag doho ne jogamo midhusi noendo.	[{'start_byte': 56, 'limit_byte': 68, 'label': 'PER'}]	PER: David Maraga	person: doho $ person: david maraga $ location: doho
123	test-00002812	luo	KARAN MANYIEN MA NAIROBI OCHAMO MUMA.	[{'start_byte': 17, 'limit_byte': 24, 'label': 'LOC'}]	LOC: NAIROBI	person: karan manyien ma $ location: nairobi $ person: ochamo muma
124	test-00002813	luo	Edward Gichana osechamo muma kaka karan manyien mar od bura ma Nairobi .	[{'start_byte': 0, 'limit_byte': 14, 'label': 'PER'}, {'start_byte': 52, 'limit_byte': 70, 'label': 'ORG'}]	PER: Edward Gichana $$ ORG: od bura ma Nairobi	person: edward gichana $ location: nairobi
125	test-00002814	luo	Nyasi ma kamano notelie kkod spika Beatrivce Elachi mana odiechieng achiel tok kanyo opuodh nyinge  gi od burano e romo manyokelo fwere, ka koro nenore ni lweny manyien nyalo biro muoch e assembly ma Nairobi.	[{'start_byte': 35, 'limit_byte': 51, 'label': 'PER'}, {'start_byte': 188, 'limit_byte': 207, 'label': 'ORG'}]	PER: Beatrivce Elachi $$ ORG: assembly ma Nairobi	person: beatrivce elachi $ location: nairobi
126	test-00002815	luo	Motelo odiechieng ma kawuono,  yuaruok nomuoch bang'  spika Elachi nodagi yango Jacob Ngwele kaka karan mar od Burano.	[{'start_byte': 7, 'limit_byte': 28, 'label': 'DATE'}, {'start_byte': 60, 'limit_byte': 66, 'label': 'PER'}, {'start_byte': 80, 'limit_byte': 92, 'label': 'PER'}]	DATE: odiechieng ma kawuono $$ PER: Elachi $$ PER: Jacob Ngwele	person: elachi $ person: jacob ngwele $ location: burano
127	test-00002816	luo	Ngwele osebedo oko mar apisi chakre dwe mar 11 higa mokalo  tok ka Elachi nondiko ne EACC ni noyiere e yoo maok ni kare.	[{'start_byte': 0, 'limit_byte': 6, 'label': 'PER'}, {'start_byte': 36, 'limit_byte': 58, 'label': 'DATE'}, {'start_byte': 67, 'limit_byte': 73, 'label': 'PER'}, {'start_byte': 85, 'limit_byte': 89, 'label': 'ORG'}]	PER: Ngwele $$ DATE: dwe mar 11 higa mokalo $$ PER: Elachi $$ ORG: EACC	location: elachi $ organization: eacc
128	test-00002817	luo	Japuonjre ma jahigni 17 manetimo penj mar KCSE ongielo orengo	[{'start_byte': 13, 'limit_byte': 23, 'label': 'DATE'}]	DATE: jahigni 17	organization: kcse $ person: orengo
129	test-00002818	luo	Japuonjre ma jahigni 17 manetimo penj maduong mar kcse e skund sekondar ma DC mixed e gwenge ma Randung ,Gem west location e constituency ma Rangwe ongielo orengo	[{'start_byte': 13, 'limit_byte': 23, 'label': 'DATE'}, {'start_byte': 57, 'limit_byte': 83, 'label': 'ORG'}, {'start_byte': 96, 'limit_byte': 103, 'label': 'LOC'}, {'start_byte': 105, 'limit_byte': 122, 'label': 'LOC'}, {'start_byte': 125, 'limit_byte': 147, 'label': 'LOC'}]	DATE: jahigni 17 $$ ORG: skund sekondar ma DC mixed $$ LOC: Randung $$ LOC: Gem west location $$ LOC: constituency ma Rangwe	location: dc mixed $ location: gwenge $ location: randung $ location: gem west $ location: rangwe $ person: orengo
130	test-00002819	luo	Japuonjreno ne owito ngimane okinyi makawuono e kar thieth ma Homabay County Teaching and Referal Hospital kamosebedo ka oyudo thieth chakre chieng tich abich .	[{'start_byte': 29, 'limit_byte': 45, 'label': 'DATE'}, {'start_byte': 62, 'limit_byte': 106, 'label': 'ORG'}, {'start_byte': 148, 'limit_byte': 158, 'label': 'DATE'}]	DATE: okinyi makawuono $$ ORG: Homabay County Teaching and Referal Hospital $$ DATE: tich abich	location: homabay county teaching and referal hospital $ time: chieng tich abich
131	test-00002820	luo	japuonjreno ma oyangi kaka Javan Onyango ne oyudo hinyruok e bund iy e kinde maneotugo kod jowetene opira e pap mar skundno .	[{'start_byte': 27, 'limit_byte': 40, 'label': 'PER'}]	PER: Javan Onyango	person: javan onyango$ location: bund iy e kinde maneotugo$ organization: skundno
132	test-00002821	luo	Ruoth ma gwenge go Joel Otieno yango ni ne ogweye e iye kuom hawi marach gi japuonjre machielo e kinde manegitugo opira bang penj ma tich abich kendo ring kode e kar thieth ma rodi kopany kama bange ne ochwale e kar thieth ma homabay county teaching and referal hospital  ma Ongieloe orengo.	[{'start_byte': 19, 'limit_byte': 30, 'label': 'PER'}, {'start_byte': 133, 'limit_byte': 143, 'label': 'DATE'}, {'start_byte': 162, 'limit_byte': 187, 'label': 'ORG'}, {'start_byte': 226, 'limit_byte': 270, 'label': 'ORG'}]	PER: Joel Otieno $$ DATE: tich abich $$ ORG: kar thieth ma rodi kopany $$ ORG: homabay county teaching and referal hospital	person: joel otieno $ location: homabay county teaching and referal hospital $ person: ongieloe orengo
133	test-00002822	luo	Jalup county commisioner ma sub county ma Rangwe Elvis Kolum kaneyango wachni owachoni ne ochwale e kar thieth ma homabay county Referal Hospital ne thieth makende kama ne ongielo orengo.	[{'start_byte': 28, 'limit_byte': 48, 'label': 'LOC'}, {'start_byte': 49, 'limit_byte': 60, 'label': 'PER'}, {'start_byte': 114, 'limit_byte': 145, 'label': 'ORG'}]	LOC: sub county ma Rangwe $$ PER: Elvis Kolum $$ ORG: homabay county Referal Hospital	location: jalup county $ location: rangwe $ person: elvis kolum $ location: homabay county referal hospital $ person: orengo
134	test-00002823	luo	ka giesani ringre osechwal e kar kano ringruok ma Homabay kairito timone bero.	[{'start_byte': 3, 'limit_byte': 10, 'label': 'DATE'}, {'start_byte': 29, 'limit_byte': 57, 'label': 'ORG'}]	DATE: giesani $$ ORG: kar kano ringruok ma Homabay	location: homabay$
136	test-00002825	luo	senator ma Siaya James Orengo koro owuok oko kendo wacho ni oposition ma thur ka pod otegno kendo ochung kar tiende	[{'start_byte': 11, 'limit_byte': 16, 'label': 'LOC'}, {'start_byte': 17, 'limit_byte': 29, 'label': 'PER'}]	LOC: Siaya $$ PER: James Orengo	person: james orengo $ location: siaya
137	test-00002826	luo	ne  okwedo weche moko maosebedo ka liekore ni oposition ma thurka orumo kaluowore kod mosruok maneobedo e kiind jatend kweth makwedo piny owacho Raila Amolo Odinga  kor ker Uhuru Kenyatta.	[{'start_byte': 145, 'limit_byte': 163, 'label': 'PER'}, {'start_byte': 173, 'limit_byte': 187, 'label': 'PER'}]	PER: Raila Amolo Odinga $$ PER: Uhuru Kenyatta	person: raila amolo odinga $ person: uhuru kenyatta
138	test-00002827	luo	Orengo ma en jatend kweth manok e od buch senate wacho ni chenro mar riwo oganda maneochak kod jotelo ariyogo ok onego okaw kaka mar riwruok e kind piny owacho kod opposition ne loso e yik moro e gwenge ma masiri ramunde ugenya constituency kama ne okwayo ker kenyataa mondo orid okanda e kedo kod mibadhi e pachoka .	[{'start_byte': 0, 'limit_byte': 6, 'label': 'PER'}, {'start_byte': 206, 'limit_byte': 240, 'label': 'LOC'}, {'start_byte': 260, 'limit_byte': 268, 'label': 'PER'}]	PER: Orengo $$ LOC: masiri ramunde ugenya constituency $$ PER: kenyataa	organization: senate $ location: oganda $ location: riwo $ location: ugenya constituency $ person: kenyataa $ location: pachoka
139	test-00002828	luo	ne opuoyo Ker Kenyatta kuom okenge  ma piny owacho mare osekao mar kedo gi mibadhi ka okwaye mondo otime ma ok odewo ngato angata.	[{'start_byte': 14, 'limit_byte': 22, 'label': 'PER'}]	PER: Kenyatta	person: ker kenyatta$
140	test-00002829	luo	Senator orengo ne oten  kod jaod bura ma Rarieda migosi Otiende Amolo to kod migosi Elisha Odhiambo .	[{'start_byte': 8, 'limit_byte': 14, 'label': 'PER'}, {'start_byte': 41, 'limit_byte': 48, 'label': 'LOC'}, {'start_byte': 56, 'limit_byte': 69, 'label': 'PER'}, {'start_byte': 84, 'limit_byte': 99, 'label': 'PER'}]	PER: orengo $$ LOC: Rarieda $$ PER: Otiende Amolo $$ PER: Elisha Odhiambo	person: senator orengo $ location: rarieda $ person: otiende amolo $ person: elisha odhiambo
141	test-00002830	luo	jotelogi ne  ohum kod kwan jopiny china ma osemedore e pachoka ka okwayo piny wacho mondo ongi matut wachni kotenore kod uchumi ma pachoka	[{'start_byte': 34, 'limit_byte': 39, 'label': 'LOC'}]	LOC: china	the text provided doesn't seem to contain any identifiable named entities in english. it appears to be in a different language, possibly luo or a related language, and without context or translation, it's not possible to accurately identify named entities.
144	test-00002833	luo	Jagoro maduong mar riwruogno Seth Panyako ne okoni winjruok mar dok etich ne nitiere e ogorimiti mane gichue kokgi 2 dwee mar 11 higa mokalo.	[{'start_byte': 29, 'limit_byte': 41, 'label': 'PER'}, {'start_byte': 115, 'limit_byte': 140, 'label': 'DATE'}]	PER: Seth Panyako $$ DATE: 2 dwee mar 11 higa mokalo	person: seth panyako
145	test-00002834	luo	Migosi Panyako ne okoni notis mane gichiwono chako tiyo tarik 19 dweeni mar 11 kadiponi winjruogno mane obedo ekindgi tarik 2 dwee mar 11 2017 ok oketi etim kakane owinjore gitim kochaokre tarik 1 dwee mar 7 higani.	[{'start_byte': 7, 'limit_byte': 14, 'label': 'PER'}, {'start_byte': 56, 'limit_byte': 78, 'label': 'DATE'}, {'start_byte': 118, 'limit_byte': 142, 'label': 'DATE'}, {'start_byte': 189, 'limit_byte': 214, 'label': 'DATE'}]	PER: Panyako $$ DATE: tarik 19 dweeni mar 11 $$ DATE: tarik 2 dwee mar 11 2017 $$ DATE: tarik 1 dwee mar 7 higani	i'm sorry, but the text provided seems to be in a language or dialect that i'm not able to process effectively. could you please provide a text in english or another widely spoken language? i'll be glad to help you identify the named entities then.
148	test-00002837	luo	Kane giloso gi jofwambo eboma ma Kisumu riwruogno seyo moko kuom piny owacho mag counties ma jo tiyo kanyakla kod mane en jakom margi John Bii e mayo riwruogno omenda mathoth ka gityo kod aguche maok opuodhi e yor chudo manyasani mar IFMIS.	[{'start_byte': 24, 'limit_byte': 39, 'label': 'LOC'}, {'start_byte': 134, 'limit_byte': 142, 'label': 'PER'}]	LOC: eboma ma Kisumu $$ PER: John Bii	location: kisumu $ person: john bii $ organization: ifmis
149	test-00002838	luo	Doho oweyo thuolo gavana Obado gi rambun	[{'start_byte': 25, 'limit_byte': 30, 'label': 'PER'}]	PER: Obado	person: obado$
150	test-00002839	luo	Gavana ma Migori migosi Okoth Obado nyalo buonjo bang doho ma Kibra weye thuolo gi rambun mar silings gana 500 .	[{'start_byte': 10, 'limit_byte': 16, 'label': 'LOC'}, {'start_byte': 24, 'limit_byte': 35, 'label': 'PER'}, {'start_byte': 54, 'limit_byte': 67, 'label': 'ORG'}]	LOC: Migori $$ PER: Okoth Obado $$ ORG: doho ma Kibra	person: okoth obado $ location: migori $ location: kibra
151	test-00002840	luo	Jangad buche edoho ma Kibra  Joyce Gandani ne okoni onge neno moromo mane ochiw gi jomin wach eloo piny manyalo miyo mmed gengne migosi Obado kuom thuolo mar jumbe 2 kaka ne gidwaro..	[{'start_byte': 13, 'limit_byte': 27, 'label': 'ORG'}, {'start_byte': 29, 'limit_byte': 42, 'label': 'PER'}, {'start_byte': 136, 'limit_byte': 141, 'label': 'PER'}]	ORG: edoho ma Kibra $$ PER: Joyce Gandani $$ PER: Obado	person: jangad buche $ location: kibra $ person: joyce gandani $ person: obado $ location: migosi
152	test-00002841	luo	Gavana Obado ne odonjne kod ketho mar bedo kod bunde 8 maok opuodhi gi chik .	[{'start_byte': 7, 'limit_byte': 12, 'label': 'PER'}]	PER: Obado	person: gavana obado $ location: ketho mar bedo $ location: bunde 8 maok opuodhi gi chik
153	test-00002842	luo	Bunde 5 ne oyudie eode ma Lavingtone ka 3 ne oyudi  eode ma Migori ethuolo mane apisas mag okwach kich mawuok ka duol makedo gi mibadhi EACC ne joo timo nonro  ewi mibadhii mar silings bilion 2 mawachore ne otii godo eyoo marach ecountyno.	[{'start_byte': 26, 'limit_byte': 36, 'label': 'LOC'}, {'start_byte': 60, 'limit_byte': 66, 'label': 'LOC'}, {'start_byte': 136, 'limit_byte': 140, 'label': 'ORG'}]	LOC: Lavingtone $$ LOC: Migori $$ ORG: EACC	location: lavingtone $ location: migori $ organization: eacc
154	test-00002843	luo	Mcas moko mawuok e county assembly ma Homabay dhii bedo erumend kuom jumbe 2	[{'start_byte': 19, 'limit_byte': 45, 'label': 'ORG'}]	ORG: county assembly ma Homabay	location: homabay $ organization: county assembly $ date: jumbe 2
155	test-00002844	luo	Mcas mawuok ecounty assembly ma Homabay mane ochwal enyim doho maKisumu kendo odonjnegi kod ketho mar monjo spika mar county assemblyno mikayi Elizabeth Ayoo joo dhii bedo erumend ma Kodiaga kuom jumbe ariyo ka nonro dhii nyime.	[{'start_byte': 12, 'limit_byte': 39, 'label': 'ORG'}, {'start_byte': 58, 'limit_byte': 71, 'label': 'ORG'}, {'start_byte': 143, 'limit_byte': 157, 'label': 'PER'}, {'start_byte': 172, 'limit_byte': 190, 'label': 'ORG'}]	ORG: ecounty assembly ma Homabay $$ ORG: doho maKisumu $$ PER: Elizabeth Ayoo $$ ORG: erumend ma Kodiaga	location: homabay $ location: kisumu $ location: kodiaga $ person: elizabeth ayoo $ organization: county assembly $ organization: mcas mawuok ecounty assembly
156	test-00002845	luo	Jangad buche edoho ma Kisumu Rose Ndombi ne owachoni weyo thuolo Mcas go kaka ne okinde mayalo ne joo dwaro ne nyalo rocho chenro mar timo nonro ewii ketho mane odonjnegi godo.	[{'start_byte': 13, 'limit_byte': 28, 'label': 'ORG'}, {'start_byte': 29, 'limit_byte': 40, 'label': 'PER'}]	ORG: edoho ma Kisumu $$ PER: Rose Ndombi	location: kisumu $ person: rose ndombi $ organization: mcas
157	test-00002846	luo	Mcas gin Evans Marieba, ma Gwasi North ,Phelimon Onditi (Kagan), Dan Were (Kakelo Kokwanyo) Paul Wamunga (North Karachuonyo ward),  kod Mca ma Wang' chieng ward Peter Kaula.	[{'start_byte': 9, 'limit_byte': 22, 'label': 'PER'}, {'start_byte': 27, 'limit_byte': 38, 'label': 'LOC'}, {'start_byte': 40, 'limit_byte': 55, 'label': 'PER'}, {'start_byte': 57, 'limit_byte': 62, 'label': 'LOC'}, {'start_byte': 65, 'limit_byte': 73, 'label': 'PER'}, {'start_byte': 75, 'limit_byte': 90, 'label': 'LOC'}, {'start_byte': 92, 'limit_byte': 104, 'label': 'PER'}, {'start_byte': 106, 'limit_byte': 128, 'label': 'LOC'}, {'start_byte': 143, 'limit_byte': 160, 'label': 'LOC'}, {'start_byte': 161, 'limit_byte': 172, 'label': 'PER'}]	PER: Evans Marieba $$ LOC: Gwasi North $$ PER: Phelimon Onditi $$ LOC: Kagan $$ PER: Dan Were $$ LOC: Kakelo Kokwanyo $$ PER: Paul Wamunga $$ LOC: North Karachuonyo ward $$ LOC: Wang' chieng ward $$ PER: Peter Kaula	person: mcas gin evans marieba $ location: gwasi north $ person: phelimon onditi $ location: kagan $ person: dan were $ location: kakelo kokwanyo $ person: paul wamunga $ location: north karachuonyo ward $ person: mca ma wang' chieng ward peter kaula.
158	test-00002847	luo	Motelone mano Mcas go ne joo ochiwore ne obila mag okwach kich bang'  yudo maling ling ni obila ne manyogi ewii wach monjo spika ma Homabay bange to ne ochwal gi enim doho.	[{'start_byte': 132, 'limit_byte': 139, 'label': 'LOC'}]	LOC: Homabay	organization: motelone $ location: homabay
159	test-00002848	luo	Obila ma Bondo okwedo weche moko ni gikao asoya eseche ma gitimo apedha eapaya	[{'start_byte': 9, 'limit_byte': 14, 'label': 'LOC'}]	LOC: Bondo	the text you provided doesn't seem to contain any named entities as it appears to be in a language that doesn't use standard english names or locations. please provide a text in english or a language with recognizable named entities.
160	test-00002849	luo	Obila e subcounty ma Bondo okwedo weche moko mawuok kuom jotelo ni gitiyo kod thuolo mar apedha madhii nyime eapaya ekawo asoya kuom weg matatu kod jo bodaboda.	[{'start_byte': 8, 'limit_byte': 26, 'label': 'LOC'}]	LOC: subcounty ma Bondo	location: obila $ location: bondo $ location: eapaya
161	test-00002850	luo	OCPD  ma Bondo Harriet Kinya,ne okoni gisebedo kagitimo apedha kendo gimako mana weg matatu gi jo bodaboda maok luw chikego mane ochak ket etim.	[{'start_byte': 9, 'limit_byte': 14, 'label': 'LOC'}, {'start_byte': 15, 'limit_byte': 28, 'label': 'PER'}]	LOC: Bondo $$ PER: Harriet Kinya	person: ocpd ma bondo harriet kinya$ location: bondo$ organization: ocpd$
162	test-00002851	luo	Odiechieng manyoro moko kuom jo boda boda gi jotelo mawuok siaya kotelnegi kod mca ma ogwel ecounty assembly ma Siaya Tabu Osewe ne oseyo apisas mag obila kane gikoni gisebedo ka  gisando weg matatu ka gikawo asoya kuomgi.	[{'start_byte': 0, 'limit_byte': 18, 'label': 'DATE'}, {'start_byte': 59, 'limit_byte': 64, 'label': 'LOC'}, {'start_byte': 92, 'limit_byte': 117, 'label': 'ORG'}, {'start_byte': 118, 'limit_byte': 128, 'label': 'PER'}]	DATE: Odiechieng manyoro $$ LOC: siaya $$ ORG: ecounty assembly ma Siaya $$ PER: Tabu Osewe	person: odiechieng manyoro $ location: siaya $ person: tabu osewe
163	test-00002852	luo	Mikayi Kinya ne oyangoni apise  oyawu thuolo ne ngat moro amora mankod ngur machal gi mago kane oleroni apisas mage okoyiene sando kendo kawo asoya kuom weg matatu gi jo boada boda.	[{'start_byte': 7, 'limit_byte': 12, 'label': 'PER'}]	PER: Kinya	the passage provided does not contain any identifiable named entities. named entities are specific, identifiable names of people, places, or organizations, and none appear to be present in the text you've provided.
164	test-00002853	luo	Kane omedo loso ewii wachno mikayi Harriet  ne okoni joo go mapod okluw chikego mag apaya ibiro maki machwal enyim doho kendo donjnegi kod keth mar rem luwo chike mag apaya.	[{'start_byte': 35, 'limit_byte': 42, 'label': 'PER'}]	PER: Harriet	person: harriet $
165	test-00002854	luo	MCAs 9 ma Homabay ni e lwet obila	[{'start_byte': 10, 'limit_byte': 17, 'label': 'LOC'}]	LOC: Homabay	location: homabay $ organization: mcas 9 ma
166	test-00002855	luo	MCAs mamoko 7 mag county ma Homabay jochopo gin giwegi e nyim obila mag okwach kich e boma ma Kisumu okinyi ma kawuono ewii wach monj ma nyocha omonjgo spika ma homabay mikayi Elizabeth Ayoo.	[{'start_byte': 18, 'limit_byte': 35, 'label': 'LOC'}, {'start_byte': 86, 'limit_byte': 100, 'label': 'LOC'}, {'start_byte': 101, 'limit_byte': 118, 'label': 'DATE'}, {'start_byte': 161, 'limit_byte': 168, 'label': 'LOC'}, {'start_byte': 176, 'limit_byte': 190, 'label': 'PER'}]	LOC: county ma Homabay $$ LOC: boma ma Kisumu $$ DATE: okinyi ma kawuono $$ LOC: homabay $$ PER: Elizabeth Ayoo	location: homabay $ location: kisumu $ person: elizabeth ayoo
167	test-00002856	luo	Maa en bang'  ka MCAs 2 manyo omaki Homabay bende ne oseter e Kisumu kuno kendo ogeng' negi e tesend obila ma Kisumu; mano MCA ma Kanyidoto Walter Were Muok ma en jatend kweth mathoth e od bura ma Homabay kod MCA ma Central Karachuonyo Julius Gaya.	[{'start_byte': 36, 'limit_byte': 43, 'label': 'LOC'}, {'start_byte': 62, 'limit_byte': 68, 'label': 'LOC'}, {'start_byte': 94, 'limit_byte': 116, 'label': 'ORG'}, {'start_byte': 130, 'limit_byte': 139, 'label': 'LOC'}, {'start_byte': 140, 'limit_byte': 156, 'label': 'PER'}, {'start_byte': 186, 'limit_byte': 204, 'label': 'ORG'}, {'start_byte': 216, 'limit_byte': 235, 'label': 'LOC'}, {'start_byte': 236, 'limit_byte': 247, 'label': 'PER'}]	LOC: Homabay $$ LOC: Kisumu $$ ORG: tesend obila ma Kisumu $$ LOC: Kanyidoto $$ PER: Walter Were Muok $$ ORG: od bura ma Homabay $$ LOC: Central Karachuonyo $$ PER: Julius Gaya	location: homabay $ location: kisumu $ person: mca ma kanyidoto walter were muok $ location: od bura ma homabay $ person: mca ma central karachuonyo julius gaya.
168	test-00002857	luo	MCAs ma ochopo e nyim obila gin giwegi kawuono gin kanyakla kod mano ma Gwasi North Evans Marieba, Phelimon Onditi (Kagan), Dan Were (Kakelo Kokwanyo) Paul Wamunga (North Karachuonyo Ward), Geoffrey Guma Anyango( Kabondo West),Paul Adika (Lambwe Ward) kod MCA ma Wang' chieng ward Peter Kaula.	[{'start_byte': 39, 'limit_byte': 46, 'label': 'DATE'}, {'start_byte': 72, 'limit_byte': 83, 'label': 'LOC'}, {'start_byte': 84, 'limit_byte': 97, 'label': 'PER'}, {'start_byte': 99, 'limit_byte': 114, 'label': 'PER'}, {'start_byte': 116, 'limit_byte': 121, 'label': 'LOC'}, {'start_byte': 124, 'limit_byte': 132, 'label': 'PER'}, {'start_byte': 134, 'limit_byte': 149, 'label': 'LOC'}, {'start_byte': 151, 'limit_byte': 163, 'label': 'PER'}, {'start_byte': 165, 'limit_byte': 187, 'label': 'LOC'}, {'start_byte': 190, 'limit_byte': 211, 'label': 'PER'}, {'start_byte': 213, 'limit_byte': 225, 'label': 'LOC'}, {'start_byte': 227, 'limit_byte': 237, 'label': 'PER'}, {'start_byte': 239, 'limit_byte': 250, 'label': 'LOC'}, {'start_byte': 263, 'limit_byte': 280, 'label': 'LOC'}, {'start_byte': 281, 'limit_byte': 292, 'label': 'PER'}]	DATE: kawuono $$ LOC: Gwasi North $$ PER: Evans Marieba $$ PER: Phelimon Onditi $$ LOC: Kagan $$ PER: Dan Were $$ LOC: Kakelo Kokwanyo $$ PER: Paul Wamunga $$ LOC: North Karachuonyo Ward $$ PER: Geoffrey Guma Anyango $$ LOC: Kabondo West $$ PER: Paul Adika $$ LOC: Lambwe Ward $$ LOC: Wang' chieng ward $$ PER: Peter Kaula	person: gwasi north evans marieba $ person: phelimon onditi $ location: kagan $ person: dan were $ location: kakelo kokwanyo $ person: paul wamunga $ location: north karachuonyo ward $ person: geoffrey guma anyango $ location: kabondo west $ person: paul adika $ location: lambwe ward $ person: peter kaula $ location: wang' chieng ward
169	test-00002858	luo	MCAs jodhi kobila bang'  yudo uma ni obila ne manyogi ewii wach monjo spika ma Homabay.	[{'start_byte': 79, 'limit_byte': 86, 'label': 'LOC'}]	LOC: Homabay	person: jodhi kobila $ person: bang' yudo $ person: uma $ person: obila $ person: manyogi ewii $ person: monjo spika $ location: homabay.
171	test-00002860	luo	Chenro mar menyo dhii nyime ne ringre japuonjre ma klass 11 manyo olwar e dhoo wath ma Bongu Beach e Central Karungu location, mano e Sub County ma Nyatike e County ma Migori.	[{'start_byte': 87, 'limit_byte': 98, 'label': 'LOC'}, {'start_byte': 101, 'limit_byte': 125, 'label': 'LOC'}, {'start_byte': 134, 'limit_byte': 155, 'label': 'LOC'}, {'start_byte': 158, 'limit_byte': 174, 'label': 'LOC'}]	LOC: Bongu Beach $$ LOC: Central Karungu location $$ LOC: Sub County ma Nyatike $$ LOC: County ma Migori	location: bongu beach $ location: central karungu $ location: sub county $ location: nyatike $ location: county $ location: migori
172	test-00002861	luo	Briton Mike Odhiambo nyo okier molwar e pii odhiambo ma nyoro kanyo otemo gamo besen moro manyo oriko dhii gi pii.	[{'start_byte': 0, 'limit_byte': 20, 'label': 'PER'}, {'start_byte': 44, 'limit_byte': 61, 'label': 'DATE'}]	PER: Briton Mike Odhiambo $$ DATE: odhiambo ma nyoro	person: mike odhiambo $ person: nyo okier molwar $ person: pii odhiambo $ person: nyoro kanyo $ person: otemo gamo besen moro manyo $ person: oriko dhii gi pii
173	test-00002862	luo	Ruoth ma Central Karungu Isaac Bungu okwayo piny owacho ma Migori kod apisas mag Kenya Redcross mondo jokony e chenro mar manyo ringre rawerano.	[{'start_byte': 9, 'limit_byte': 24, 'label': 'LOC'}, {'start_byte': 25, 'limit_byte': 36, 'label': 'PER'}, {'start_byte': 44, 'limit_byte': 65, 'label': 'ORG'}, {'start_byte': 81, 'limit_byte': 95, 'label': 'ORG'}]	LOC: Central Karungu $$ PER: Isaac Bungu $$ ORG: piny owacho ma Migori $$ ORG: Kenya Redcross	location: central karungu $ person: isaac bungu $ location: migori $ organization: kenya redcross
174	test-00002863	luo	Jokue moko 2 ojuki rando gi diel mane gikwalo e chula Nyakagere, Seme sub county	[{'start_byte': 48, 'limit_byte': 63, 'label': 'LOC'}, {'start_byte': 65, 'limit_byte': 80, 'label': 'LOC'}]	LOC: chula Nyakagere $$ LOC: Seme sub county	location: nyakagere $ location: seme sub county
175	test-00002864	luo	Obila ei egweng ma Kombe Seme subcounty joo ogengene achije moko 2 ma mane omaki rando gi diel mane gikualo e chula ma Nyakagere.	[{'start_byte': 19, 'limit_byte': 39, 'label': 'LOC'}, {'start_byte': 110, 'limit_byte': 128, 'label': 'LOC'}]	LOC: Kombe Seme subcounty $$ LOC: chula ma Nyakagere	location: kombe seme subcounty $ location: nyakagere
176	test-00002865	luo	Achije 2 go majohigni 43 gi 48 nyoo okwalo dielno manyuok edala mama pamela atieno odindo ei chula ma Nyakagere mayudore enam lolwe kar saa 10 ma kogwen.	[{'start_byte': 12, 'limit_byte': 24, 'label': 'DATE'}, {'start_byte': 28, 'limit_byte': 30, 'label': 'DATE'}, {'start_byte': 69, 'limit_byte': 89, 'label': 'PER'}, {'start_byte': 93, 'limit_byte': 111, 'label': 'LOC'}, {'start_byte': 121, 'limit_byte': 131, 'label': 'LOC'}, {'start_byte': 136, 'limit_byte': 152, 'label': 'DATE'}]	DATE: majohigni 43 $$ DATE: 48 $$ PER: pamela atieno odindo $$ LOC: chula ma Nyakagere $$ LOC: enam lolwe $$ DATE: saa 10 ma kogwen	person: achije $ person: pamela atieno odindo $ location: nyakagere $ location: lolwe $ time: saa 10 ma kogwen.
177	test-00002866	luo	Jalup ruoth ma East Othany subalocation migosi Caleb Apondi okuon ne okoni achijego ne omanyo yie mane gikuang godo gi diendno nyaka eloo motuo kamne ginnyalo yudoe chiro	[{'start_byte': 15, 'limit_byte': 39, 'label': 'LOC'}, {'start_byte': 47, 'limit_byte': 59, 'label': 'PER'}]	LOC: East Othany subalocation $$ PER: Caleb Apondi	location: east othany subalocation $ person: caleb apondi
178	test-00002867	luo	Migosi Apondi ne okoni achije 2go magin George Opiyo kod Charles Odhiambo ne omaki bang kane jopiny ogoyo milome ne obila ma ema ne omakogi ma ogengnegi etesend obila ma Kombewa ka ibiro chwalgi enyim doho ma maseno odiechieng ma kiny.	[{'start_byte': 7, 'limit_byte': 13, 'label': 'PER'}, {'start_byte': 40, 'limit_byte': 52, 'label': 'PER'}, {'start_byte': 57, 'limit_byte': 73, 'label': 'PER'}, {'start_byte': 153, 'limit_byte': 177, 'label': 'ORG'}, {'start_byte': 201, 'limit_byte': 215, 'label': 'ORG'}, {'start_byte': 216, 'limit_byte': 234, 'label': 'DATE'}]	PER: Apondi $$ PER: George Opiyo $$ PER: Charles Odhiambo $$ ORG: etesend obila ma Kombewa $$ ORG: doho ma maseno $$ DATE: odiechieng ma kiny	person: migosi apondi $ person: george opiyo $ person: charles odhiambo $ location: kombewa $ location: maseno
179	test-00002868	luo	Jago ma jahigni 41 ne omaki ka okwalo weyni mag keyo teko stima Ugenya	[{'start_byte': 8, 'limit_byte': 18, 'label': 'DATE'}, {'start_byte': 64, 'limit_byte': 70, 'label': 'LOC'}]	DATE: jahigni 41 $$ LOC: Ugenya	location: ugenya$
180	test-00002869	luo	Obila ne ogengone jago moro ma jahigni 41 e tesend obila ma Ukwala bang kane omake ka okwalo weyni mag keyo teko stima egweng ma Ligega Ugenya sub-county	[{'start_byte': 31, 'limit_byte': 41, 'label': 'DATE'}, {'start_byte': 44, 'limit_byte': 66, 'label': 'ORG'}, {'start_byte': 129, 'limit_byte': 153, 'label': 'LOC'}]	DATE: jahigni 41 $$ ORG: tesend obila ma Ukwala $$ LOC: Ligega Ugenya sub-county	location: ukwala $ location: ligega ugenya sub-county
181	test-00002870	luo	Daniel Okoth Ochieng ne nyoo omaki kod jopiny kane ongado weyni mag stima e transformer machiegni gi skund sekondar ma Ugenya.	[{'start_byte': 0, 'limit_byte': 20, 'label': 'PER'}, {'start_byte': 101, 'limit_byte': 125, 'label': 'ORG'}]	PER: Daniel Okoth Ochieng $$ ORG: skund sekondar ma Ugenya	person: daniel okoth ochieng $ location: ugenya
182	test-00002871	luo	Jalup ruoth ma Ligega sub-location migosi Johannes Ngesa Odundo, ne oyango wach makamano kane okoni ripodno nyoo ochoppone kowuok jopiny .	[{'start_byte': 15, 'limit_byte': 34, 'label': 'LOC'}, {'start_byte': 42, 'limit_byte': 63, 'label': 'PER'}]	LOC: Ligega sub-location $$ PER: Johannes Ngesa Odundo	location: jalup ruoth ma ligega sub-location migosi $ person: johannes ngesa odundo
183	test-00002872	luo	Migosi Odundo ne okone nyakalondo mar Ramogi ni achijno bende ne omaki gi misip ma ityiogodo e idhoo yien mar stima, kachiel gi apiko mane otiyo godo kowuok dalagi egweng mag Got Nanga kod Weyni mane osengado	[{'start_byte': 7, 'limit_byte': 13, 'label': 'PER'}, {'start_byte': 23, 'limit_byte': 44, 'label': 'ORG'}, {'start_byte': 175, 'limit_byte': 184, 'label': 'LOC'}]	PER: Odundo $$ ORG: nyakalondo mar Ramogi $$ LOC: Got Nanga	location: migosi odundo $ location: ramogi $ location: got nanga $ location: weyni
